,Pclass,Age,SibSp,Parch,Fare,Sex_female,Sex_male,Embarked_C,Embarked_Q,Embarked_S,Survived
0,3,22.0,1,0,7.25,0,1,0,0,1,0
1,1,38.0,1,0,71.2833,1,0,1,0,0,1
2,3,26.0,0,0,7.925,1,0,0,0,1,1
3,1,35.0,1,0,53.1,1,0,0,0,1,1
4,3,35.0,0,0,8.05,0,1,0,0,1,0
5,3,29.69911764705882,0,0,8.4583,0,1,0,1,0,0
6,1,54.0,0,0,51.8625,0,1,0,0,1,0
7,3,2.0,3,1,21.075,0,1,0,0,1,0
8,3,27.0,0,2,11.1333,1,0,0,0,1,1
9,2,14.0,1,0,30.0708,1,0,1,0,0,1
10,3,4.0,1,1,16.7,1,0,0,0,1,1
11,1,58.0,0,0,26.55,1,0,0,0,1,1
12,3,20.0,0,0,8.05,0,1,0,0,1,0
13,3,14.0,0,0,7.8542,0,1,0,0,1,0
14,2,55.0,0,0,16.0,1,0,0,0,1,0
15,2,29.69911764705882,0,0,13.0,1,0,0,0,1,1
16,3,31.0,1,0,18.0,0,1,0,1,0,0
17,3,29.69911764705882,0,0,7.225,0,1,0,0,1,1
18,2,35.0,0,0,26.0,1,0,0,0,1,0
19,2,34.0,0,0,13.0,1,0,1,0,0,1
20,3,15.0,0,0,8.0292,0,1,0,0,1,0
21,1,28.0,0,0,35.5,0,1,0,0,1,1
22,3,8.0,3,1,21.075,1,0,0,1,0,1
23,3,29.69911764705882,0,0,7.225,0,1,0,0,1,1
24,3,29.69911764705882,0,0,7.8792,1,0,0,0,1,0
25,3,29.69911764705882,0,0,7.8958,1,0,0,0,1,1
26,1,40.0,0,0,27.7208,0,1,1,0,0,0
27,1,29.69911764705882,1,0,146.5208,0,1,0,0,1,0
28,3,29.69911764705882,0,0,7.75,1,0,0,1,0,1
29,2,66.0,0,0,10.5,0,1,0,0,1,0
30,1,28.0,1,0,82.1708,0,1,1,0,0,0
31,1,42.0,1,0,52.0,1,0,1,0,0,1
32,3,29.69911764705882,0,0,7.2292,1,0,0,1,0,1
33,3,21.0,0,0,8.05,0,1,0,0,1,0
34,3,18.0,2,0,18.0,0,1,1,0,0,0
35,3,14.0,1,0,11.2417,0,1,0,0,1,0
36,3,40.0,1,0,9.475,0,1,1,0,0,1
37,2,27.0,1,0,21.0,0,1,0,0,1,0
38,3,29.69911764705882,0,0,7.8958,1,0,0,0,1,0
39,2,3.0,1,2,41.5792,1,0,1,0,0,1
40,3,19.0,0,0,7.8792,1,0,0,0,1,0
41,3,29.69911764705882,0,0,8.05,1,0,0,0,1,0
42,3,29.69911764705882,1,0,15.5,0,1,1,0,0,0
43,3,29.69911764705882,0,0,7.75,1,0,1,0,0,1
44,3,29.69911764705882,2,0,21.6792,1,0,0,1,0,1
45,3,18.0,1,0,17.8,0,1,0,0,1,0
46,3,21.0,0,0,7.8,0,1,0,1,0,0
47,1,49.0,1,0,76.7292,1,0,0,1,0,1
48,2,29.0,1,0,26.0,0,1,1,0,0,0
49,1,65.0,0,1,61.9792,1,0,0,0,1,0
50,1,29.69911764705882,0,0,35.5,0,1,0,0,1,0
51,2,21.0,0,0,10.5,0,1,0,0,1,0
52,3,28.5,0,0,7.2292,1,0,1,0,0,1
53,2,5.0,1,2,27.75,1,0,0,0,1,1
54,3,22.0,0,0,7.2292,0,1,1,0,0,0
55,1,38.0,0,0,80.0,0,1,0,0,1,1
56,1,45.0,1,0,83.475,1,0,0,0,1,1
57,3,4.0,3,2,27.9,0,1,1,0,0,0
58,1,29.69911764705882,0,0,27.7208,1,0,0,0,1,1
59,3,29.69911764705882,1,1,15.2458,0,1,0,0,1,0
60,2,29.0,0,0,10.5,0,1,1,0,0,0
61,3,19.0,0,0,8.1583,1,0,0,0,1,1
62,3,26.0,2,0,8.6625,0,1,0,0,1,0
63,2,32.0,0,0,10.5,0,1,0,0,1,0
64,2,21.0,0,0,73.5,0,1,1,0,0,0
65,3,26.0,1,0,14.4542,0,1,1,0,0,1
66,3,32.0,0,0,56.4958,1,0,0,0,1,1
67,3,25.0,0,0,7.65,0,1,0,0,1,0
68,3,29.69911764705882,0,0,7.8958,1,0,0,0,1,1
69,3,29.69911764705882,0,0,8.05,0,1,0,0,1,0
70,2,0.83,0,2,29.0,0,1,0,0,1,0
71,3,30.0,0,0,12.475,1,0,0,0,1,0
72,3,22.0,0,0,9.0,0,1,0,0,1,0
73,3,29.0,0,0,9.5,0,1,1,0,0,0
74,3,29.69911764705882,0,0,7.7875,0,1,0,0,1,1
75,1,28.0,0,0,47.1,0,1,0,0,1,0
76,2,17.0,0,0,10.5,0,1,0,0,1,0
77,3,33.0,3,0,15.85,0,1,0,0,1,0
78,3,29.69911764705882,0,0,8.05,0,1,0,0,1,1
79,3,24.0,0,0,8.05,1,0,0,0,1,1
80,3,29.0,0,0,8.05,0,1,0,0,1,0
81,3,20.0,0,0,7.8542,0,1,0,0,1,1
82,1,46.0,1,0,61.175,1,0,0,1,0,1
83,3,26.0,1,2,20.575,0,1,0,0,1,0
84,3,59.0,0,0,7.25,1,0,0,0,1,1
85,3,29.69911764705882,0,0,8.05,1,0,0,0,1,1
86,1,23.0,0,1,63.3583,0,1,0,0,1,0
87,2,34.0,0,1,23.0,0,1,0,0,1,0
88,2,34.0,1,0,26.0,1,0,0,0,1,1
89,3,28.0,0,0,7.8958,0,1,0,0,1,0
90,3,29.69911764705882,0,0,7.8958,0,1,0,0,1,0
91,1,21.0,0,1,77.2875,0,1,0,0,1,0
92,3,33.0,0,0,8.6542,0,1,0,0,1,0
93,3,37.0,2,0,7.925,0,1,0,0,1,0
94,3,28.0,0,0,7.8958,0,1,0,0,1,0
95,3,21.0,0,0,7.65,0,1,0,0,1,0
96,3,29.69911764705882,0,0,7.775,0,1,1,0,0,0
97,3,38.0,0,0,7.8958,0,1,1,0,0,1
98,3,29.69911764705882,1,0,24.15,1,0,0,0,1,1
99,1,47.0,0,0,52.0,0,1,0,0,1,0
100,3,14.5,1,0,14.4542,1,0,0,0,1,0
101,3,22.0,0,0,8.05,0,1,0,0,1,0
102,3,20.0,1,0,9.825,0,1,0,0,1,0
103,3,17.0,0,0,14.4583,0,1,0,0,1,0
104,3,21.0,0,0,7.925,0,1,0,0,1,0
105,2,29.0,1,0,21.0,0,1,0,0,1,0
106,2,21.0,2,0,73.5,1,0,0,0,1,1
107,3,29.69911764705882,0,0,8.05,0,1,0,0,1,1
108,2,32.5,1,0,30.0708,0,1,0,0,1,0
109,2,32.5,0,0,13.0,1,0,0,1,0,1
110,1,54.0,0,1,77.2875,0,1,0,0,1,0
111,3,12.0,1,0,11.2417,1,0,1,0,0,0
112,3,29.69911764705882,0,0,7.75,0,1,0,0,1,0
113,3,24.0,0,0,7.1417,1,0,0,0,1,0
114,3,29.69911764705882,1,1,22.3583,1,0,1,0,0,0
115,3,45.0,0,0,6.975,0,1,0,0,1,0
116,3,33.0,0,0,7.8958,0,1,0,1,0,0
117,3,20.0,0,0,7.05,0,1,0,0,1,0
118,3,47.0,1,0,14.5,0,1,1,0,0,0
119,2,29.0,1,0,26.0,1,0,0,0,1,0
120,2,25.0,0,0,13.0,0,1,0,0,1,0
121,2,23.0,0,0,15.0458,0,1,0,0,1,0
122,1,19.0,0,2,26.2833,0,1,1,0,0,0
123,1,37.0,1,0,53.1,1,0,0,0,1,1
124,3,16.0,0,0,9.2167,0,1,0,0,1,0
125,1,24.0,0,0,79.2,0,1,1,0,0,1
126,3,29.69911764705882,0,2,15.2458,0,1,0,1,0,0
127,3,22.0,0,0,7.75,0,1,0,0,1,1
128,3,24.0,1,0,15.85,1,0,1,0,0,1
129,3,19.0,0,0,6.75,0,1,0,0,1,0
130,2,18.0,0,0,11.5,0,1,1,0,0,0
131,2,19.0,1,1,36.75,0,1,0,0,1,0
132,3,27.0,0,0,7.7958,1,0,0,0,1,0
133,3,9.0,2,2,34.375,1,0,0,0,1,1
134,2,36.5,0,2,26.0,0,1,0,0,1,0
135,2,42.0,0,0,13.0,0,1,1,0,0,0
136,2,51.0,0,0,12.525,1,0,0,0,1,1
137,1,22.0,1,0,66.6,0,1,0,0,1,0
138,3,55.5,0,0,8.05,0,1,0,0,1,0
139,3,40.5,0,2,14.5,0,1,1,0,0,0
140,3,29.69911764705882,0,0,7.3125,1,0,1,0,0,0
141,1,51.0,0,1,61.3792,1,0,0,0,1,1
142,3,16.0,0,0,7.7333,1,0,0,0,1,1
143,3,30.0,0,0,8.05,0,1,0,1,0,0
144,3,29.69911764705882,0,0,8.6625,0,1,0,0,1,0
145,3,44.0,0,1,16.1,0,1,0,0,1,0
146,2,40.0,0,0,15.75,0,1,0,0,1,1
147,3,26.0,0,0,7.775,1,0,0,0,1,0
148,3,17.0,0,0,8.6625,0,1,0,0,1,0
149,3,9.0,0,2,20.525,0,1,0,0,1,0
150,1,29.69911764705882,0,1,55.0,0,1,0,0,1,0
151,1,29.69911764705882,0,0,25.925,1,0,0,0,1,1
152,3,28.0,0,0,56.4958,0,1,0,0,1,0
153,1,61.0,0,0,33.5,0,1,0,0,1,0
154,3,1.0,1,1,11.1333,0,1,0,0,1,0
155,3,21.0,0,0,7.925,0,1,1,0,0,0
156,1,56.0,0,0,30.6958,1,0,0,1,0,1
157,3,18.0,1,1,7.8542,0,1,0,0,1,0
158,3,29.69911764705882,3,1,25.4667,0,1,0,0,1,0
159,1,50.0,0,0,28.7125,0,1,0,0,1,0
160,2,30.0,0,0,13.0,0,1,0,0,1,0
161,3,36.0,0,0,0.0,1,0,0,0,1,1
162,2,29.69911764705882,0,0,15.05,0,1,0,0,1,0
163,2,1.0,2,1,39.0,0,1,0,0,1,0
164,3,4.0,0,2,22.025,0,1,0,0,1,0
165,1,29.69911764705882,0,0,50.0,0,1,0,0,1,1
166,3,29.69911764705882,1,0,15.5,1,0,0,0,1,1
167,1,45.0,0,0,26.55,1,0,0,0,1,0
168,3,40.0,1,1,15.5,0,1,0,0,1,0
169,3,36.0,0,0,7.8958,0,1,0,0,1,0
170,2,32.0,0,0,13.0,0,1,0,0,1,0
171,2,19.0,0,0,13.0,0,1,0,1,0,0
172,3,19.0,1,0,7.8542,1,0,0,0,1,1
173,2,3.0,1,1,26.0,0,1,0,0,1,0
174,1,44.0,0,0,27.7208,0,1,1,0,0,0
175,1,58.0,0,0,146.5208,0,1,0,0,1,0
176,3,29.69911764705882,0,0,7.75,0,1,0,0,1,0
177,3,42.0,0,1,8.4042,1,0,1,0,0,0
178,3,29.69911764705882,0,0,7.75,0,1,0,0,1,0
179,2,24.0,0,0,13.0,0,1,0,0,1,0
180,3,28.0,0,0,9.5,1,0,0,0,1,0
181,3,34.0,0,0,6.4958,0,1,1,0,0,0
182,3,45.5,0,0,7.225,0,1,0,0,1,0
183,3,18.0,0,0,8.05,0,1,0,0,1,1
184,3,2.0,0,1,10.4625,1,0,0,0,1,1
185,3,32.0,1,0,15.85,0,1,0,0,1,0
186,3,26.0,0,0,18.7875,1,0,0,1,0,1
187,3,16.0,0,0,7.75,0,1,0,0,1,1
188,1,40.0,0,0,31.0,0,1,0,1,0,0
189,3,24.0,0,0,7.05,0,1,0,0,1,0
190,2,35.0,0,0,21.0,1,0,0,0,1,1
191,3,22.0,0,0,7.25,0,1,0,0,1,0
192,2,30.0,0,0,13.0,1,0,0,0,1,1
193,3,29.69911764705882,1,0,7.75,0,1,0,0,1,1
194,1,31.0,1,0,113.275,1,0,1,0,0,1
195,3,27.0,0,0,7.925,1,0,1,0,0,1
196,2,42.0,1,0,27.0,0,1,0,1,0,0
197,1,32.0,0,0,76.2917,0,1,0,0,1,0
198,2,30.0,0,0,10.5,1,0,0,1,0,1
199,3,16.0,0,0,8.05,1,0,0,0,1,0
200,2,27.0,0,0,13.0,0,1,0,0,1,0
201,3,51.0,0,0,8.05,0,1,0,0,1,0
202,3,29.69911764705882,0,0,7.8958,0,1,0,0,1,0
203,1,38.0,1,0,90.0,0,1,1,0,0,0
204,3,22.0,0,0,9.35,0,1,0,0,1,1
205,2,19.0,0,0,10.5,1,0,0,0,1,0
206,3,20.5,0,0,7.25,0,1,0,0,1,0
207,2,18.0,0,0,13.0,0,1,1,0,0,1
208,3,29.69911764705882,3,1,25.4667,1,0,0,1,0,1
209,1,35.0,1,0,83.475,0,1,1,0,0,1
210,3,29.0,0,0,7.775,0,1,0,0,1,0
211,2,59.0,0,0,13.5,1,0,0,0,1,1
212,2,24.0,0,0,10.5,0,1,0,0,1,0
213,3,29.69911764705882,0,0,7.55,0,1,0,0,1,0
214,2,44.0,1,0,26.0,0,1,0,1,0,0
215,2,8.0,0,2,26.25,1,0,1,0,0,1
216,2,19.0,0,0,10.5,1,0,0,0,1,1
217,2,33.0,0,0,12.275,0,1,0,0,1,0
218,3,29.69911764705882,1,0,14.4542,1,0,1,0,0,1
219,3,29.69911764705882,1,0,15.5,0,1,0,0,1,0
220,2,29.0,0,0,10.5,0,1,0,0,1,1
221,3,22.0,0,0,7.125,0,1,0,0,1,0
222,3,30.0,0,0,7.225,0,1,0,0,1,0
223,1,44.0,2,0,90.0,0,1,0,0,1,0
224,3,25.0,0,0,7.775,0,1,0,0,1,1
225,2,24.0,0,2,14.5,0,1,0,0,1,0
226,1,37.0,1,1,52.5542,0,1,0,0,1,1
227,2,54.0,1,0,26.0,0,1,0,0,1,0
228,3,29.69911764705882,0,0,7.25,0,1,0,0,1,0
229,3,29.0,1,1,10.4625,1,0,0,0,1,0
230,1,62.0,0,0,26.55,1,0,0,0,1,1
231,3,30.0,1,0,16.1,0,1,0,0,1,0
232,3,41.0,0,2,20.2125,0,1,0,0,1,0
233,3,29.0,0,2,15.2458,1,0,0,0,1,1
234,1,29.69911764705882,0,0,79.2,0,1,0,0,1,0
235,1,30.0,0,0,86.5,1,0,0,0,1,0
236,2,50.0,0,1,26.0,0,1,0,0,1,0
237,3,29.69911764705882,0,0,7.75,1,0,0,0,1,1
238,1,52.0,1,1,79.65,0,1,0,0,1,0
239,1,40.0,0,0,0.0,0,1,0,0,1,0
240,3,29.69911764705882,0,0,7.75,1,0,1,0,0,0
241,2,36.0,0,0,10.5,1,0,0,1,0,1
242,3,25.0,1,0,7.775,0,1,0,0,1,0
243,1,58.0,0,1,153.4625,0,1,0,0,1,0
244,1,35.0,0,0,135.6333,0,1,1,0,0,0
245,1,29.69911764705882,0,0,31.0,0,1,0,1,0,0
246,3,25.0,0,0,0.0,1,0,0,0,1,0
247,2,41.0,0,1,19.5,1,0,0,0,1,1
248,1,37.0,0,1,29.7,0,1,0,0,1,1
249,3,29.69911764705882,0,0,7.75,0,1,0,0,1,0
250,1,63.0,1,0,77.9583,0,1,0,0,1,0
251,3,45.0,0,0,7.75,1,0,0,0,1,0
252,2,29.69911764705882,0,0,0.0,0,1,0,0,1,0
253,3,35.0,1,1,20.25,0,1,0,0,1,0
254,3,65.0,0,0,7.75,1,0,0,0,1,0
255,3,28.0,0,0,7.8542,1,0,1,0,0,1
256,3,16.0,0,0,9.5,1,0,1,0,0,1
257,3,19.0,0,0,8.05,1,0,0,0,1,1
258,1,29.69911764705882,0,0,26.0,1,0,1,0,0,1
259,3,33.0,0,0,8.6625,1,0,0,0,1,1
260,3,30.0,0,0,9.5,0,1,0,1,0,0
261,3,22.0,0,0,7.8958,0,1,0,0,1,1
262,2,42.0,0,0,13.0,0,1,0,0,1,0
263,3,22.0,0,0,7.75,0,1,0,0,1,0
264,1,26.0,0,0,78.85,1,0,0,1,0,0
265,1,19.0,1,0,91.0792,0,1,0,0,1,0
266,2,36.0,0,0,12.875,0,1,0,0,1,0
267,3,24.0,0,0,8.85,0,1,0,0,1,1
268,3,24.0,0,0,7.8958,1,0,0,0,1,1
269,1,29.69911764705882,0,0,27.7208,1,0,0,0,1,1
270,3,23.5,0,0,7.2292,0,1,0,0,1,0
271,1,2.0,1,2,151.55,0,1,0,0,1,1
272,1,29.69911764705882,0,0,30.5,1,0,0,0,1,1
273,3,29.69911764705882,0,0,7.75,0,1,1,0,0,0
274,3,29.69911764705882,2,0,23.25,1,0,0,1,0,1
275,3,19.0,0,0,0.0,1,0,0,0,1,1
276,2,29.69911764705882,0,0,12.35,1,0,0,0,1,0
277,3,29.69911764705882,0,0,8.05,0,1,0,0,1,0
278,1,0.92,1,2,151.55,0,1,0,1,0,0
279,1,29.69911764705882,0,0,110.8833,1,0,0,0,1,1
280,1,17.0,1,0,108.9,0,1,0,1,0,0
281,2,30.0,1,0,24.0,0,1,0,0,1,0
282,1,30.0,0,0,56.9292,0,1,0,0,1,0
283,1,24.0,0,0,83.1583,0,1,0,0,1,1
284,2,26.0,1,1,26.0,0,1,0,0,1,0
285,3,28.0,0,0,7.8958,0,1,1,0,0,0
286,2,43.0,1,1,26.25,0,1,0,0,1,1
287,3,26.0,0,0,7.8542,0,1,0,0,1,0
288,2,24.0,1,0,26.0,0,1,0,0,1,1
289,2,54.0,0,0,14.0,1,0,0,1,0,1
290,1,31.0,0,2,164.8667,1,0,0,0,1,1
291,1,40.0,1,1,134.5,1,0,1,0,0,1
292,3,22.0,0,0,7.25,0,1,1,0,0,0
293,3,27.0,0,0,7.8958,1,0,0,0,1,0
294,2,30.0,0,0,12.35,0,1,0,0,1,0
295,2,22.0,1,1,29.0,0,1,1,0,0,0
296,1,36.0,0,0,135.6333,0,1,1,0,0,0
297,3,61.0,0,0,6.2375,1,0,0,0,1,0
298,2,36.0,0,0,13.0,0,1,0,0,1,1
299,3,31.0,1,1,20.525,1,0,1,0,0,1
300,1,16.0,0,1,57.9792,1,0,0,1,0,1
301,3,29.69911764705882,2,0,23.25,0,1,0,1,0,1
302,1,45.5,0,0,28.5,0,1,0,0,1,0
303,1,38.0,0,1,153.4625,1,0,0,1,0,1
304,3,16.0,2,0,18.0,0,1,0,0,1,0
305,1,29.69911764705882,1,0,133.65,0,1,0,0,1,1
306,3,29.69911764705882,0,0,7.8958,1,0,1,0,0,1
307,1,29.0,1,0,66.6,1,0,1,0,0,1
308,1,41.0,0,0,134.5,0,1,1,0,0,0
309,3,45.0,0,0,8.05,1,0,1,0,0,1
310,1,45.0,0,0,35.5,1,0,1,0,0,1
311,2,2.0,1,1,26.0,1,0,1,0,0,1
312,2,28.0,0,0,13.0,1,0,0,0,1,0
313,2,25.0,0,0,13.0,0,1,0,0,1,0
314,2,36.0,0,0,13.0,0,1,0,0,1,0
315,2,24.0,0,0,13.0,1,0,0,0,1,1
316,2,40.0,0,0,13.0,1,0,0,0,1,1
317,3,29.69911764705882,1,0,16.1,0,1,0,0,1,0
318,3,3.0,1,1,15.9,1,0,0,0,1,1
319,3,42.0,0,0,8.6625,1,0,1,0,0,1
320,3,23.0,0,0,9.225,0,1,0,0,1,0
321,1,29.69911764705882,0,0,35.0,0,1,0,0,1,0
322,3,15.0,1,1,7.2292,1,0,0,1,0,1
323,3,25.0,1,0,17.8,1,0,0,0,1,1
324,3,29.69911764705882,0,0,7.225,0,1,0,0,1,0
325,3,28.0,0,0,9.5,1,0,1,0,0,1
326,1,22.0,0,1,55.0,0,1,0,0,1,0
327,2,38.0,0,0,13.0,1,0,0,0,1,1
328,3,29.69911764705882,0,0,7.8792,1,0,0,0,1,1
329,3,29.69911764705882,0,0,7.8792,1,0,1,0,0,1
330,2,29.0,1,0,27.7208,1,0,0,1,0,1
331,3,45.0,0,1,14.4542,0,1,0,0,1,0
332,3,35.0,0,0,7.05,0,1,0,0,1,0
333,3,29.69911764705882,1,0,15.5,0,1,0,0,1,0
334,3,30.0,0,0,7.25,1,0,0,0,1,1
335,1,60.0,1,0,75.25,0,1,0,0,1,0
336,3,29.69911764705882,0,0,7.2292,0,1,0,0,1,0
337,3,29.69911764705882,0,0,7.75,1,0,1,0,0,1
338,1,24.0,0,0,69.3,0,1,0,0,1,1
339,1,25.0,1,0,55.4417,0,1,0,0,1,0
340,3,18.0,1,0,6.4958,0,1,0,0,1,1
341,3,19.0,0,0,8.05,1,0,0,0,1,1
342,1,22.0,0,0,135.6333,0,1,0,0,1,0
343,3,3.0,3,1,21.075,0,1,0,0,1,0
344,1,29.69911764705882,1,0,82.1708,0,1,0,0,1,0
345,3,22.0,0,0,7.25,1,0,0,0,1,1
346,3,20.0,0,0,4.0125,1,0,0,0,1,1
347,3,19.0,0,0,7.775,1,0,0,0,1,1
348,3,1.0,0,2,15.7417,0,1,0,0,1,1
349,3,32.0,0,0,7.925,0,1,0,0,1,0
350,1,35.0,1,0,52.0,0,1,0,0,1,0
351,3,29.69911764705882,0,0,7.8958,0,1,0,0,1,0
352,2,18.0,0,0,73.5,0,1,1,0,0,0
353,2,36.0,0,0,13.0,0,1,0,0,1,0
354,3,29.69911764705882,0,0,7.7292,0,1,1,0,0,0
355,2,17.0,0,0,12.0,0,1,0,0,1,0
356,1,36.0,1,2,120.0,1,0,0,0,1,1
357,3,21.0,0,0,7.7958,1,0,0,0,1,0
358,3,28.0,2,0,7.925,1,0,0,1,0,1
359,1,23.0,1,0,113.275,1,0,0,1,0,1
360,3,24.0,0,2,16.7,0,1,0,0,1,0
361,3,22.0,0,0,7.7958,0,1,1,0,0,0
362,3,31.0,0,0,7.8542,1,0,1,0,0,0
363,2,46.0,0,0,26.0,0,1,0,0,1,0
364,2,23.0,0,0,10.5,0,1,0,1,0,0
365,2,28.0,0,0,12.65,0,1,0,0,1,0
366,3,39.0,0,0,7.925,1,0,1,0,0,1
367,3,26.0,0,0,8.05,1,0,1,0,0,1
368,3,21.0,1,0,9.825,1,0,0,1,0,1
369,3,28.0,1,0,15.85,1,0,1,0,0,1
370,3,20.0,0,0,8.6625,0,1,1,0,0,1
371,2,34.0,1,0,21.0,0,1,0,0,1,0
372,3,51.0,0,0,7.75,0,1,0,0,1,0
373,2,3.0,1,1,18.75,0,1,1,0,0,0
374,3,21.0,0,0,7.775,1,0,0,0,1,0
375,3,29.69911764705882,3,1,25.4667,1,0,1,0,0,1
376,3,29.69911764705882,0,0,7.8958,1,0,0,0,1,1
377,3,29.69911764705882,0,0,6.8583,0,1,1,0,0,0
378,1,33.0,1,0,90.0,0,1,1,0,0,0
379,2,29.69911764705882,0,0,0.0,0,1,0,0,1,0
380,3,44.0,0,0,7.925,1,0,1,0,0,1
381,3,29.69911764705882,0,0,8.05,1,0,1,0,0,1
382,2,34.0,1,1,32.5,0,1,0,0,1,0
383,2,18.0,0,2,13.0,1,0,0,0,1,1
384,2,30.0,0,0,13.0,0,1,0,0,1,0
385,3,10.0,0,2,24.15,0,1,0,0,1,0
386,3,29.69911764705882,0,0,7.8958,0,1,0,0,1,0
387,3,21.0,0,0,7.7333,1,0,0,0,1,1
388,3,29.0,0,0,7.875,0,1,0,1,0,0
389,3,28.0,1,1,14.4,1,0,1,0,0,1
390,3,18.0,1,1,20.2125,0,1,0,0,1,1
391,3,29.69911764705882,0,0,7.25,0,1,0,0,1,1
392,2,28.0,1,0,26.0,0,1,0,0,1,0
393,2,19.0,0,0,26.0,1,0,1,0,0,1
394,3,29.69911764705882,0,0,7.75,1,0,0,0,1,1
395,3,32.0,0,0,8.05,0,1,0,0,1,0
396,1,28.0,0,0,26.55,1,0,0,0,1,0
397,3,29.69911764705882,1,0,16.1,0,1,0,0,1,0
398,2,42.0,1,0,26.0,0,1,0,0,1,0
399,3,17.0,0,0,7.125,1,0,0,0,1,1
400,1,50.0,1,0,55.9,0,1,0,0,1,1
401,1,14.0,1,2,120.0,0,1,0,0,1,0
402,3,21.0,2,2,34.375,1,0,0,0,1,0
403,2,31.0,0,0,10.5,0,1,0,0,1,0
404,2,45.0,1,1,26.25,1,0,0,0,1,0
405,3,20.0,0,0,9.5,0,1,0,0,1,0
406,3,25.0,1,0,7.775,0,1,0,0,1,0
407,2,28.0,0,0,13.0,0,1,0,0,1,1
408,3,29.69911764705882,0,0,8.1125,0,1,0,0,1,0
409,1,4.0,0,2,81.8583,1,0,0,0,1,0
410,2,13.0,0,1,19.5,0,1,0,0,1,0
411,1,34.0,0,0,26.55,0,1,0,1,0,0
412,3,5.0,2,1,19.2583,1,0,0,1,0,1
413,1,52.0,0,0,30.5,0,1,0,0,1,0
414,2,36.0,1,2,27.75,0,1,0,0,1,1
415,3,29.69911764705882,1,0,19.9667,1,0,0,0,1,0
416,1,30.0,0,0,27.75,1,0,0,0,1,1
417,1,49.0,1,0,89.1042,1,0,0,0,1,1
418,3,29.69911764705882,0,0,8.05,0,1,0,0,1,0
419,3,29.0,0,0,7.8958,1,0,0,0,1,0
420,1,65.0,0,0,26.55,0,1,1,0,0,0
421,1,29.69911764705882,1,0,51.8625,0,1,0,1,0,0
422,2,50.0,0,0,10.5,0,1,0,0,1,0
423,3,29.69911764705882,0,0,7.75,1,0,0,0,1,0
424,1,48.0,0,0,26.55,0,1,0,0,1,0
425,3,34.0,0,0,8.05,0,1,0,0,1,0
426,1,47.0,0,0,38.5,1,0,0,0,1,1
427,2,48.0,0,0,13.0,1,0,0,0,1,1
428,3,29.69911764705882,0,0,8.05,0,1,0,1,0,0
429,3,38.0,0,0,7.05,0,1,0,0,1,1
430,2,29.69911764705882,0,0,0.0,0,1,0,0,1,1
431,1,56.0,0,0,26.55,1,0,0,0,1,1
432,3,29.69911764705882,0,0,7.725,1,0,0,0,1,1
433,3,0.75,2,1,19.2583,0,1,0,0,1,0
434,3,29.69911764705882,0,0,7.25,0,1,0,0,1,0
435,3,38.0,0,0,8.6625,1,0,0,0,1,1
436,2,33.0,1,2,27.75,1,0,0,0,1,0
437,2,23.0,0,0,13.7917,1,0,0,0,1,1
438,3,22.0,0,0,9.8375,0,1,0,0,1,0
439,1,29.69911764705882,0,0,52.0,0,1,0,0,1,0
440,2,34.0,1,0,21.0,1,0,0,0,1,1
441,3,29.0,1,0,7.0458,0,1,0,0,1,0
442,3,22.0,0,0,7.5208,0,1,0,0,1,0
443,3,2.0,0,1,12.2875,1,0,0,0,1,1
444,2,29.69911764705882,0,0,0.0,0,1,0,0,1,1
445,3,50.0,0,0,8.05,0,1,0,0,1,1
446,3,63.0,0,0,9.5875,1,0,0,0,1,1
447,1,25.0,1,0,91.0792,0,1,0,0,1,1
448,3,29.69911764705882,3,1,25.4667,1,0,1,0,0,1
449,1,35.0,1,0,90.0,0,1,0,0,1,1
450,1,58.0,0,0,29.7,0,1,0,0,1,0
451,3,30.0,0,0,8.05,0,1,0,0,1,0
452,3,9.0,1,1,15.9,0,1,1,0,0,0
453,3,29.69911764705882,1,0,19.9667,0,1,1,0,0,1
454,3,21.0,0,0,7.25,0,1,0,0,1,0
455,1,55.0,0,0,30.5,0,1,1,0,0,1
456,3,21.0,0,0,8.05,0,1,0,0,1,0
457,3,29.69911764705882,0,0,14.4583,1,0,0,0,1,1
458,1,54.0,1,0,78.2667,1,0,0,0,1,1
459,3,29.69911764705882,0,0,15.1,0,1,0,1,0,0
460,1,25.0,1,2,151.55,0,1,0,0,1,1
461,3,24.0,0,0,7.7958,0,1,0,0,1,0
462,3,17.0,0,0,8.6625,0,1,0,0,1,0
463,3,21.0,0,0,7.75,0,1,0,0,1,0
464,3,29.69911764705882,0,0,7.6292,0,1,0,0,1,0
465,3,37.0,0,0,9.5875,0,1,0,0,1,0
466,1,16.0,0,0,86.5,0,1,0,0,1,0
467,1,18.0,1,0,108.9,0,1,0,0,1,0
468,2,33.0,0,2,26.0,0,1,0,1,0,0
469,1,29.69911764705882,0,0,26.55,1,0,1,0,0,1
470,3,28.0,0,0,22.525,0,1,0,0,1,0
471,3,26.0,0,0,56.4958,0,1,0,0,1,0
472,3,29.0,0,0,7.75,1,0,0,0,1,1
473,3,29.69911764705882,0,0,8.05,1,0,1,0,0,1
474,1,36.0,0,0,26.2875,1,0,0,0,1,0
475,1,54.0,1,0,59.4,0,1,0,0,1,0
476,3,24.0,0,0,7.4958,0,1,0,0,1,0
477,1,47.0,0,0,34.0208,0,1,0,0,1,0
478,2,34.0,0,0,10.5,0,1,0,0,1,0
479,3,29.69911764705882,0,0,24.15,1,0,0,0,1,1
480,2,36.0,1,0,26.0,0,1,0,0,1,0
481,3,32.0,0,0,7.8958,0,1,0,0,1,0
482,1,30.0,0,0,93.5,0,1,0,0,1,0
483,3,22.0,0,0,7.8958,1,0,0,0,1,1
484,3,29.69911764705882,0,0,7.225,0,1,1,0,0,1
485,1,44.0,0,1,57.9792,1,0,0,0,1,0
486,3,29.69911764705882,0,0,7.2292,1,0,0,0,1,1
487,3,40.5,0,0,7.75,0,1,1,0,0,0
488,2,50.0,0,0,10.5,0,1,0,0,1,0
489,3,39.0,0,0,7.925,0,1,0,0,1,1
490,2,23.0,2,1,11.5,0,1,0,0,1,0
491,2,2.0,1,1,26.0,0,1,0,0,1,0
492,3,29.69911764705882,0,0,7.2292,0,1,0,0,1,0
493,3,17.0,1,1,7.2292,0,1,1,0,0,0
494,3,29.69911764705882,0,2,22.3583,0,1,0,0,1,0
495,3,30.0,0,0,8.6625,0,1,1,0,0,0
496,2,7.0,0,2,26.25,1,0,1,0,0,1
497,1,45.0,0,0,26.55,0,1,0,0,1,0
498,1,30.0,0,0,106.425,1,0,0,0,1,0
499,3,29.69911764705882,0,0,14.5,0,1,0,0,1,0
500,1,22.0,0,2,49.5,0,1,0,0,1,0
501,1,36.0,0,2,71.0,1,0,0,1,0,0
502,2,32.0,1,0,26.0,1,0,0,1,0,0
503,1,50.0,1,0,106.425,1,0,0,0,1,0
504,1,64.0,0,0,26.0,1,0,0,0,1,1
505,2,19.0,1,0,26.0,0,1,1,0,0,0
506,2,29.69911764705882,0,0,13.8625,1,0,0,0,1,1
507,3,33.0,1,1,20.525,0,1,0,0,1,1
508,2,8.0,1,1,36.75,0,1,0,0,1,0
509,1,17.0,0,2,110.8833,0,1,0,0,1,1
510,2,27.0,0,0,26.0,0,1,0,1,0,1
511,3,29.69911764705882,0,0,7.8292,0,1,0,0,1,0
512,3,22.0,0,0,7.225,0,1,0,0,1,1
513,3,22.0,0,0,7.775,1,0,1,0,0,1
514,1,62.0,0,0,26.55,0,1,0,0,1,0
515,1,48.0,1,0,39.6,0,1,0,0,1,0
516,1,39.0,1,1,79.65,1,0,0,0,1,1
517,3,36.0,1,0,17.4,0,1,0,1,0,0
518,3,29.69911764705882,0,0,7.75,1,0,0,0,1,1
519,3,40.0,0,0,7.8958,0,1,0,0,1,0
520,2,28.0,0,0,13.5,1,0,0,0,1,1
521,3,29.69911764705882,0,0,8.05,0,1,0,0,1,0
522,3,29.69911764705882,0,0,8.05,0,1,1,0,0,0
523,3,24.0,2,0,24.15,1,0,1,0,0,1
524,3,19.0,0,0,7.8958,0,1,1,0,0,0
525,3,29.69911764705882,0,0,7.2292,0,1,0,1,0,0
526,3,32.0,0,0,7.8542,1,0,0,0,1,1
527,2,62.0,0,0,10.5,0,1,0,0,1,0
528,1,53.0,2,0,51.4792,0,1,0,0,1,0
529,1,36.0,0,0,26.3875,0,1,0,0,1,0
530,3,29.69911764705882,0,0,7.75,1,0,0,0,1,1
531,3,16.0,0,0,8.05,0,1,1,0,0,0
532,3,19.0,0,0,14.5,0,1,1,0,0,0
533,2,34.0,0,0,13.0,1,0,1,0,0,1
534,1,39.0,1,0,55.9,1,0,0,0,1,0
535,3,29.69911764705882,1,0,14.4583,1,0,0,0,1,1
536,3,32.0,0,0,7.925,0,1,0,0,1,0
537,2,25.0,1,1,30.0,1,0,1,0,0,1
538,1,39.0,1,1,110.8833,0,1,0,0,1,0
539,2,54.0,0,0,26.0,1,0,1,0,0,1
540,1,36.0,0,0,40.125,1,0,0,0,1,1
541,3,29.69911764705882,0,0,8.7125,1,0,0,0,1,0
542,1,18.0,0,2,79.65,1,0,0,0,1,0
543,2,47.0,0,0,15.0,0,1,0,0,1,1
544,1,60.0,1,1,79.2,0,1,1,0,0,0
545,3,22.0,0,0,8.05,0,1,0,0,1,0
546,3,29.69911764705882,0,0,8.05,1,0,0,0,1,1
547,3,35.0,0,0,7.125,0,1,1,0,0,1
548,1,52.0,1,0,78.2667,0,1,0,0,1,0
549,3,47.0,0,0,7.25,0,1,0,0,1,1
550,3,29.69911764705882,0,2,7.75,0,1,1,0,0,1
551,2,37.0,1,0,26.0,0,1,0,0,1,0
552,3,36.0,1,1,24.15,0,1,0,1,0,0
553,2,29.69911764705882,0,0,33.0,0,1,1,0,0,1
554,3,49.0,0,0,0.0,1,0,0,0,1,1
555,3,29.69911764705882,0,0,7.225,0,1,0,0,1,0
556,1,49.0,1,0,56.9292,1,0,1,0,0,1
557,2,24.0,2,1,27.0,0,1,1,0,0,0
558,3,29.69911764705882,0,0,7.8958,1,0,0,0,1,1
559,1,29.69911764705882,0,0,42.4,1,0,0,0,1,1
560,3,44.0,0,0,8.05,0,1,0,1,0,0
561,1,35.0,0,0,26.55,0,1,0,0,1,0
562,3,36.0,1,0,15.55,0,1,0,0,1,0
563,3,30.0,0,0,7.8958,0,1,0,0,1,0
564,1,27.0,0,0,30.5,1,0,0,0,1,0
565,2,22.0,1,2,41.5792,0,1,0,0,1,0
566,1,40.0,0,0,153.4625,0,1,0,0,1,0
567,3,29.69911764705882,0,0,7.05,1,0,0,0,1,0
568,3,29.69911764705882,1,0,15.5,0,1,1,0,0,0
569,3,29.69911764705882,0,0,7.75,0,1,0,0,1,1
570,3,35.0,0,0,8.05,0,1,0,0,1,1
571,2,24.0,1,2,65.0,1,0,0,0,1,1
572,3,34.0,1,1,14.4,0,1,0,0,1,1
573,3,26.0,1,0,16.1,1,0,0,1,0,1
574,2,4.0,2,1,39.0,0,1,0,0,1,0
575,2,26.0,0,0,10.5,0,1,0,0,1,0
576,3,27.0,1,0,14.4542,1,0,0,0,1,1
577,1,42.0,1,0,52.5542,1,0,0,0,1,1
578,3,20.0,1,1,15.7417,1,0,1,0,0,0
579,3,21.0,0,0,7.8542,0,1,0,0,1,1
580,3,21.0,0,0,16.1,1,0,0,0,1,1
581,1,61.0,0,0,32.3208,1,0,1,0,0,1
582,2,57.0,0,0,12.35,0,1,0,0,1,0
583,1,21.0,0,0,77.9583,0,1,1,0,0,0
584,3,26.0,0,0,7.8958,0,1,1,0,0,0
585,3,29.69911764705882,0,0,7.7333,1,0,0,0,1,1
586,3,51.0,0,0,7.0542,0,1,0,0,1,0
587,1,32.0,0,0,30.5,0,1,1,0,0,1
588,1,29.69911764705882,0,0,0.0,0,1,0,0,1,0
589,3,9.0,3,2,27.9,0,1,0,0,1,0
590,2,28.0,0,0,13.0,0,1,0,0,1,0
591,3,32.0,0,0,7.925,1,0,1,0,0,1
592,2,31.0,1,1,26.25,0,1,0,0,1,0
593,3,29.69911764705882,1,0,16.1,1,0,0,1,0,0
594,3,20.0,0,0,7.8542,0,1,0,0,1,0
595,1,24.0,0,0,69.3,0,1,0,0,1,0
596,3,2.0,3,2,27.9,1,0,0,0,1,1
597,3,29.69911764705882,0,0,56.4958,0,1,0,0,1,0
598,3,0.75,2,1,19.2583,0,1,1,0,0,0
599,1,48.0,1,0,76.7292,0,1,1,0,0,1
600,3,19.0,0,0,7.8958,1,0,0,0,1,1
601,1,56.0,0,0,35.5,0,1,0,0,1,0
602,3,29.69911764705882,0,0,7.55,0,1,0,0,1,0
603,3,23.0,0,0,7.55,0,1,0,0,1,0
604,3,29.69911764705882,0,0,7.8958,0,1,1,0,0,1
605,2,18.0,0,1,23.0,0,1,0,0,1,0
606,3,21.0,0,0,8.4333,0,1,0,0,1,0
607,3,29.69911764705882,0,0,7.8292,0,1,0,0,1,1
608,3,18.0,0,0,6.75,1,0,1,0,0,1
609,2,24.0,2,0,73.5,1,0,0,0,1,1
610,3,29.69911764705882,0,0,7.8958,1,0,0,0,1,0
611,3,32.0,1,1,15.5,0,1,0,0,1,0
612,2,23.0,0,0,13.0,1,0,0,1,0,1
613,1,58.0,0,2,113.275,0,1,0,1,0,0
614,1,50.0,2,0,133.65,0,1,0,0,1,0
615,3,40.0,0,0,7.225,1,0,0,0,1,1
616,1,47.0,0,0,25.5875,0,1,0,0,1,0
617,3,36.0,0,0,7.4958,1,0,0,0,1,0
618,3,20.0,1,0,7.925,1,0,0,0,1,1
619,2,32.0,2,0,73.5,0,1,0,0,1,0
620,2,25.0,0,0,13.0,0,1,1,0,0,0
621,3,29.69911764705882,0,0,7.775,0,1,0,0,1,1
622,3,43.0,0,0,8.05,0,1,1,0,0,1
623,1,29.69911764705882,1,0,52.0,0,1,0,0,1,0
624,2,40.0,1,1,39.0,0,1,0,0,1,0
625,1,31.0,1,0,52.0,0,1,0,0,1,0
626,2,31.0,0,0,13.0,0,1,0,1,0,0
627,2,29.69911764705882,0,0,0.0,1,0,0,0,1,1
628,3,18.0,0,0,7.775,0,1,0,0,1,0
629,3,24.5,0,0,8.05,0,1,0,1,0,0
630,3,18.0,0,0,9.8417,0,1,0,0,1,1
631,3,29.69911764705882,0,0,8.1375,0,1,0,0,1,0
632,1,27.0,0,0,76.7292,0,1,1,0,0,1
633,3,20.0,0,0,9.225,0,1,0,0,1,0
634,2,60.0,1,1,39.0,1,0,0,0,1,0
635,2,25.0,1,2,41.5792,1,0,0,0,1,1
636,3,19.0,0,0,10.1708,0,1,0,0,1,0
637,3,18.0,0,0,7.7958,0,1,0,0,1,0
638,1,31.0,1,0,57.0,1,0,0,0,1,0
639,3,4.0,0,1,13.4167,0,1,0,0,1,0
640,3,29.69911764705882,0,0,56.4958,0,1,0,0,1,0
641,3,25.0,0,0,7.225,1,0,1,0,0,1
642,1,60.0,0,0,26.55,1,0,0,0,1,0
643,2,52.0,0,0,13.5,0,1,0,0,1,1
644,3,44.0,0,0,8.05,1,0,1,0,0,1
645,3,29.69911764705882,0,0,7.7333,0,1,1,0,0,1
646,1,49.0,1,1,110.8833,0,1,0,0,1,0
647,3,42.0,0,0,7.65,0,1,1,0,0,1
648,1,35.0,0,0,26.2875,0,1,0,0,1,0
649,3,18.0,0,1,14.4542,1,0,0,0,1,1
650,3,25.0,0,0,7.7417,0,1,0,0,1,0
651,3,26.0,1,0,7.8542,1,0,0,0,1,1
652,2,39.0,0,0,26.0,0,1,0,0,1,0
653,2,45.0,0,0,13.5,1,0,0,1,0,1
654,1,42.0,0,0,26.2875,1,0,0,1,0,0
655,1,22.0,0,0,151.55,0,1,0,0,1,0
656,3,29.69911764705882,1,1,15.2458,0,1,0,0,1,0
657,1,24.0,0,0,49.5042,1,0,0,1,0,0
658,1,29.69911764705882,0,0,26.55,0,1,0,0,1,0
659,1,48.0,1,0,52.0,0,1,1,0,0,0
660,3,29.0,0,0,9.4833,0,1,0,0,1,1
661,2,52.0,0,0,13.0,0,1,1,0,0,0
662,3,19.0,0,0,7.65,0,1,0,0,1,0
663,2,27.0,0,0,10.5,0,1,0,0,1,0
664,3,29.69911764705882,0,0,15.5,0,1,0,0,1,1
665,3,33.0,0,0,7.775,0,1,0,0,1,0
666,2,6.0,0,1,33.0,0,1,0,0,1,0
667,3,17.0,1,0,7.0542,0,1,0,0,1,0
668,2,34.0,0,0,13.0,0,1,0,0,1,0
669,2,50.0,0,0,13.0,1,0,0,0,1,1
670,1,27.0,1,0,53.1,1,0,0,0,1,1
671,3,20.0,0,0,8.6625,0,1,0,0,1,0
672,2,30.0,3,0,21.0,0,1,0,0,1,0
673,3,29.69911764705882,0,0,7.7375,0,1,0,0,1,1
674,2,25.0,1,0,26.0,0,1,0,0,1,0
675,3,25.0,1,0,7.925,0,1,0,0,1,0
676,3,11.0,0,0,18.7875,0,1,0,0,1,0
677,2,29.69911764705882,0,0,0.0,1,0,0,0,1,1
678,2,23.0,0,0,13.0,1,0,0,0,1,0
679,2,23.0,0,0,13.0,0,1,1,0,0,1
680,3,28.5,0,0,16.1,1,0,0,1,0,0
681,3,29.69911764705882,0,0,7.8958,0,1,1,0,0,1
682,3,29.69911764705882,0,0,7.8958,0,1,0,0,1,0
683,1,29.69911764705882,0,0,30.0,0,1,0,0,1,0
684,1,36.0,1,0,78.85,0,1,0,0,1,0
685,3,24.0,1,0,16.1,0,1,1,0,0,0
686,3,31.0,0,0,7.925,0,1,0,0,1,0
687,3,16.0,1,1,20.25,0,1,0,0,1,0
688,2,30.0,0,0,13.0,0,1,0,0,1,0
689,1,19.0,1,0,53.1,1,0,0,0,1,1
690,3,31.0,0,0,7.75,0,1,0,0,1,1
691,2,4.0,1,1,23.0,1,0,1,0,0,1
692,3,6.0,0,1,12.475,0,1,0,0,1,1
693,3,33.0,0,0,9.5,0,1,1,0,0,0
694,3,23.0,0,0,7.8958,0,1,0,0,1,0
695,2,48.0,1,2,65.0,0,1,0,0,1,0
696,2,0.67,1,1,14.5,0,1,0,0,1,0
697,3,28.0,0,0,7.7958,1,0,0,1,0,1
698,2,18.0,0,0,11.5,0,1,1,0,0,0
699,3,34.0,0,0,8.05,0,1,0,0,1,0
700,1,33.0,0,0,86.5,1,0,1,0,0,1
701,3,29.69911764705882,0,0,14.5,0,1,0,0,1,1
702,3,41.0,0,0,7.125,1,0,1,0,0,0
703,3,20.0,0,0,7.2292,0,1,0,1,0,0
704,1,36.0,1,2,120.0,0,1,0,0,1,0
705,3,16.0,0,0,7.775,0,1,0,0,1,0
706,1,51.0,1,0,77.9583,1,0,0,0,1,1
707,1,29.69911764705882,0,0,39.6,0,1,0,0,1,1
708,3,30.5,0,0,7.75,1,0,0,0,1,1
709,3,29.69911764705882,1,0,24.15,0,1,1,0,0,1
710,3,32.0,0,0,8.3625,1,0,1,0,0,1
711,3,24.0,0,0,9.5,0,1,0,0,1,0
712,3,48.0,0,0,7.8542,0,1,0,0,1,1
713,2,57.0,0,0,10.5,0,1,0,0,1,0
714,3,29.69911764705882,0,0,7.225,0,1,0,0,1,0
715,3,18.0,0,0,7.75,0,1,0,0,1,0
716,3,29.69911764705882,0,0,7.75,1,0,1,0,0,1
717,3,5.0,0,0,12.475,1,0,0,0,1,1
718,3,29.69911764705882,0,0,7.7375,0,1,0,1,0,0
719,3,13.0,0,0,7.2292,0,1,0,0,1,0
720,1,17.0,1,0,57.0,1,0,0,0,1,1
721,1,29.0,0,0,30.0,0,1,0,0,1,0
722,3,29.69911764705882,1,2,23.45,0,1,0,0,1,0
723,3,25.0,0,0,7.05,0,1,0,0,1,0
724,3,25.0,0,0,7.25,0,1,0,0,1,1
725,3,18.0,0,0,7.4958,0,1,0,0,1,0
726,3,1.0,1,2,20.575,1,0,0,0,1,1
727,1,46.0,0,0,79.2,1,0,0,1,0,1
728,3,29.69911764705882,0,0,7.75,0,1,0,0,1,0
729,2,16.0,0,0,26.0,1,0,0,0,1,0
730,1,29.69911764705882,0,0,30.6958,1,0,0,0,1,1
731,3,25.0,0,0,7.8958,0,1,1,0,0,0
732,2,39.0,0,0,13.0,0,1,0,0,1,0
733,1,49.0,0,0,25.9292,0,1,0,0,1,0
734,3,31.0,0,0,8.6833,0,1,0,0,1,0
735,3,30.0,0,0,7.2292,0,1,0,0,1,0
736,3,30.0,1,1,24.15,1,0,0,0,1,0
737,2,34.0,0,0,13.0,0,1,1,0,0,1
738,2,31.0,1,1,26.25,0,1,0,0,1,0
739,1,11.0,1,2,120.0,0,1,0,0,1,0
740,3,0.42,0,1,8.5167,0,1,0,0,1,1
741,3,27.0,0,0,6.975,0,1,0,0,1,0
742,3,31.0,0,0,7.775,1,0,1,0,0,1
743,1,39.0,0,0,0.0,0,1,0,0,1,0
744,3,18.0,0,0,7.775,0,1,0,0,1,1
745,2,39.0,0,0,13.0,0,1,0,0,1,0
746,1,33.0,1,0,53.1,0,1,0,0,1,0
747,3,26.0,0,0,7.8875,1,0,0,0,1,1
748,3,39.0,0,0,24.15,0,1,0,0,1,0
749,2,35.0,0,0,10.5,0,1,0,1,0,0
750,3,30.5,0,0,8.05,1,0,0,0,1,1
751,1,29.69911764705882,0,0,0.0,0,1,0,0,1,1
752,3,23.0,0,0,7.925,0,1,0,0,1,0
753,2,31.0,1,1,37.0042,0,1,0,0,1,0
754,3,43.0,0,0,6.45,1,0,0,0,1,1
755,3,10.0,3,2,27.9,0,1,0,0,1,1
756,1,52.0,1,1,93.5,0,1,0,0,1,0
757,3,27.0,0,0,8.6625,0,1,0,0,1,0
758,1,38.0,0,0,0.0,0,1,0,0,1,0
759,3,27.0,0,1,12.475,1,0,0,0,1,1
760,3,29.69911764705882,0,0,6.95,0,1,0,0,1,0
761,3,29.69911764705882,0,0,56.4958,0,1,0,0,1,0
762,2,1.0,0,2,37.0042,0,1,1,0,0,1
763,3,29.69911764705882,0,0,7.75,1,0,0,0,1,1
764,1,62.0,0,0,80.0,0,1,0,0,1,0
765,3,15.0,1,0,14.4542,1,0,0,0,1,1
766,2,0.83,1,1,18.75,0,1,1,0,0,0
767,3,29.69911764705882,0,0,7.2292,1,0,0,1,0,0
768,3,23.0,0,0,7.8542,0,1,0,1,0,0
769,3,18.0,0,0,8.3,0,1,0,0,1,0
770,1,39.0,1,1,83.1583,0,1,0,0,1,0
771,3,21.0,0,0,8.6625,0,1,0,0,1,0
772,3,29.69911764705882,0,0,8.05,1,0,0,0,1,0
773,3,32.0,0,0,56.4958,0,1,1,0,0,0
774,1,29.69911764705882,0,0,29.7,1,0,0,0,1,1
775,3,20.0,0,0,7.925,0,1,0,0,1,0
776,2,16.0,0,0,10.5,0,1,0,1,0,0
777,1,30.0,0,0,31.0,1,0,0,0,1,1
778,3,34.5,0,0,6.4375,0,1,0,1,0,0
779,3,17.0,0,0,8.6625,1,0,0,0,1,1
780,3,42.0,0,0,7.55,1,0,1,0,0,1
781,3,35.0,0,0,7.8958,1,0,0,0,1,1
782,2,28.0,0,1,33.0,0,1,0,0,1,0
783,1,29.69911764705882,1,0,89.1042,0,1,0,0,1,0
784,3,9.0,1,1,15.2458,0,1,0,0,1,0
785,1,16.0,0,1,39.4,0,1,0,0,1,0
786,2,44.0,1,0,26.0,1,0,0,0,1,1
787,3,18.0,0,1,9.35,0,1,0,1,0,0
788,1,45.0,1,1,164.8667,0,1,0,0,1,1
789,1,51.0,0,0,26.55,0,1,1,0,0,0
790,3,29.69911764705882,0,0,7.2292,0,1,0,1,0,0
791,3,41.0,2,0,14.1083,0,1,0,0,1,0
792,2,21.0,1,0,11.5,1,0,0,0,1,0
793,1,48.0,0,0,25.9292,0,1,1,0,0,0
794,2,24.0,0,0,13.0,0,1,0,0,1,0
795,2,42.0,0,0,13.0,0,1,0,0,1,0
796,2,27.0,1,0,13.8583,1,0,0,0,1,1
797,1,31.0,0,0,50.4958,1,0,0,0,1,1
798,3,29.69911764705882,0,0,9.5,0,1,1,0,0,0
799,3,4.0,1,1,11.1333,1,0,0,0,1,0
800,3,26.0,0,0,7.8958,0,1,0,0,1,0
801,1,47.0,1,1,52.5542,1,0,0,0,1,1
802,1,33.0,0,0,5.0,0,1,0,0,1,1
803,3,47.0,0,0,9.0,0,1,1,0,0,1
804,2,28.0,1,0,24.0,0,1,0,0,1,1
805,3,15.0,0,0,7.225,0,1,0,0,1,0
806,3,20.0,0,0,9.8458,0,1,0,0,1,0
807,3,19.0,0,0,7.8958,1,0,0,0,1,0
808,3,29.69911764705882,0,0,7.8958,0,1,0,0,1,0
809,1,56.0,0,1,83.1583,1,0,0,0,1,1
810,2,25.0,0,1,26.0,0,1,0,0,1,0
811,3,33.0,0,0,7.8958,0,1,0,0,1,0
812,3,22.0,0,0,10.5167,0,1,0,0,1,0
813,2,28.0,0,0,10.5,1,0,0,0,1,0
814,3,25.0,0,0,7.05,0,1,0,0,1,0
815,2,27.0,0,0,13.0,0,1,0,0,1,0
816,1,19.0,0,0,30.0,1,0,0,0,1,0
817,3,29.69911764705882,1,2,23.45,0,1,1,0,0,0
818,1,26.0,0,0,30.0,0,1,0,0,1,0
819,3,32.0,0,0,7.75,0,1,0,0,1,0
